word,count
一致性,16
三维动画,2
三视图,2
上以,1
上线,20
下单,1
专业,51
专业化,55
专业性,3
专业本科,1
专业知识,4
专注,1
专科,2
专题,1
世界,2
业务,29
业务收入,2
业界,5
个人,2
个性,5
个性化,2
主创,1
主美,2
主角,5
主题,6
乐于,9
买量,4
了解,14
事件,2
事务,1
互联网,6
交互,140
交付,11
交流,9
交通,2
产业链,2
产出,49
产和,2
产品,282
产品包装,3
产品化,2
产品策划,1
产品线,3
产品设计,32
产研,4
人员,50
人形,5
人文,9
人机交互,1
人物,10
人物性格,6
从业,2
从事,3
付费,2
代言人,1
价值,2
任务,9
企业,4
企业级,2
企划,3
企点,4
优先,19
优化,354
优缺点,2
优质,1
优质产品,2
传承,1
传播,17
传统,1
传统意义,2
传达,2
低模,2
体感,2
体系,5
体系化,4
体育类,4
体验,216
作为,2
作品,1
作品集,2
使用,33
例如,7
供应商,34
供应链,1
侧线,2
侧重,4
保持,5
保持一致,2
保持良好,37
保证,65
保证质量,2
保质,2
保走,2
保障,6
信息,9
信息流,14
信息结构,2
修养,2
修复,6
修改,117
修缮,4
做出,16
做到,1
偶像,5
元素,13
光子,9
光影,4
光感,7
光照,24
全案,2
全民,10
全程,8
全过程,5
全部内容,1
全量,1
公司,8
公益,1
共事,3
共享,24
关卡,64
关注,9
关键,3
关键性,1
关键问题,1
具备,28
具有,11
典型,2
兼具,1
兼容,2
兼顾,7
内容,57
内涵,2
写实,35
准则,9
准水,2
出品,3
出差,2
出现,8
出色,10
出行,2
分享,64
分发,3
分层,6
分析,25
分类,1
分级,1
分配,9
分镜,28
切图,3
刚体,13
创作,22
创制,1
创建,29
创意,137
创意设计,65
创新,11
创新性,3
创造,8
创造力,2
初稿,5
判断,1
利用,1
到位,2
制作,606
制作人员,5
制作方法,1
制图,2
制定,186
制片,2
制片人,1
制订,16
刻画,6
前沿技术,5
前瞻,2
前瞻性,35
前置,2
剧情,10
剧本,5
剧集,8
剪辑,3
力度,4
功底,4
功能,26
功能性,3
功能模块,4
动作,71
动作游戏,2
动向,6
动态,38
动态效果,1
动捕,24
动效,63
动植物,1
动漫,4
动物,1
动画,194
动画师,14
动画片,1
动画电影,3
动画素材,2
动补,2
助力,18
助手,3
包产,3
包住,2
包含,22
包商,2
包括,22
包装,19
匹配,3
区域,2
医疗,2
医药行业,2
协作,59
协作关系,4
协助,102
协同,49
协同程序,4
协调,19
单体,3
单品,1
卖点,13
卡牌,2
原则,2
原创,1
原型,27
原理,5
原画,182
参与,181
参考,7
反馈,171
发力点,2
发包,9
发展,2
发布会,1
发挥,6
发掘,15
发散,3
发现,3
发起,1
变形,9
变形体,2
叙事,6
叙事性,4
口型,2
口碑,4
可用性,61
可能性,2
可行,2
可行性,4
可视化,8
合乎,1
合作,24
合作伙伴,9
合作方,2
合作项目,1
合入,44
合成,4
合理,21
合理化,1
合理性,2
同事,63
同学,5
后台,7
后处理,3
后续,16
启发,8
吸引力,3
呈现,27
员工,2
品牌,47
品牌形象,2
品牌策略,2
品牌设计,9
品类,11
品质,339
响应,4
商业,2
商业化,18
商业模式,7
商业活动,2
商业软件,3
商务,6
商家,1
商户,5
善于,4
喜好,2
回收,2
回顾,4
团队,427
团队精神,3
围绕,2
国际,2
图库,12
图形,14
图文,1
图文混排,2
图标,23
图案,2
图素,2
在外,3
地图,44
地图编辑,11
地形,11
地形模型,7
地编,13
地表,2
地貌,9
场景,359
坐骑,2
型号,2
培养,77
基础,1
基础设施,2
基调,9
塑造,3
增值,1
增长,4
处理,2
复杂度,5
复用,2
复盘,4
外包,76
外包品,4
外形,2
外观,1
多元化,6
多媒体,16
大专,2
大厅,7
大货,1
天气,4
契合,2
套装,4
妥善,3
妥善处理,4
娱乐,3
字体,4
字色,2
学习,19
孵化,2
安排,2
完善,24
完成,81
完整性,4
官方,16
官网,5
定义,17
定位,23
定位问题,4
定制,14
定期,5
定期检查,2
定调,10
实力,1
实地,6
实施,5
实景,5
实现,58
实践,2
实际,1
实际效果,4
实验室,1
宠物,2
审判,5
审批,2
审查,1
审核,197
审美,31
客户,3
客户端,7
宣传,74
宣传片,5
宣及,1
宣发,30
宣讲,2
室内环境,6
对应,11
对接,90
对模型,3
对白,1
对象,2
导入,32
导入到,6
导向,8
导演,16
小游戏,2
小组,2
小鹅,2
局内,9
局限于,2
层面,1
展会,1
展现,9
展示,33
山石,2
岗位,21
岗位职责,1
岩石,4
工业化,2
工作,167
工作室,26
工作效率,13
工具,113
工具集,2
工种,2
工程师,14
市场,10
市场推广,2
市场策略,2
市场营销,1
市场调研,2
市场趋势,3
市面,1
布局,4
布料,15
布线,4
布置,7
带来,1
带领,11
帮助,32
常规,5
平台,25
平面,16
并能,14
并行,10
广告,26
广告业务,1
广告设计,2
序列,4
应用,14
废墟,1
座舱,2
延展,1
建声,2
建模,9
建立,10
建筑,22
建筑物,2
建筑设计,2
建议,4
建议性,1
建设,26
建设性,17
开发,115
开发人员,6
开发计划,4
开发进度,2
开心,1
开放,9
异地,1
引入,10
引导,2
引擎,262
引领,2
强化,1
归纳,23
录制,2
形体,2
形式,4
形态,4
形象,9
形象设计,4
影响力,8
影棚,4
影视,10
影视动画,14
微信,19
微观,1
心得,8
心理,2
必需,2
思维,6
思考,30
思路,6
性格,1
性格开朗,2
性格特征,8
性能,63
怪物,45
总监,8
总结,4
总结经验,4
情感,4
情感化,9
情报,1
想象力,2
意图,2
意愿,2
意见,7
意见反馈,9
意识,8
感官,3
成员,30
成品,13
成片,2
战役,1
战斗,11
战略,2
房间,4
所涉,2
所需,12
扁平,2
手感,4
手机,6
手游,24
手绘,10
打光,14
打击,4
打击力,4
打样,1
打磨,32
打造,21
执导,2
执行,29
执行力,4
批处理,2
批量,2
批量生产,5
承受,4
承担,7
技巧,5
技术,78
技术性,6
技术支持,25
技术标准,15
技术水平,6
技术规范,21
技术难题,40
技能,39
把关,8
把控,2
把握,9
抓住,2
投放,2
投顾,2
折中,5
报告,1
报表,7
担任,5
拆分,27
拆析,1
拆解,10
拍摄,4
拓展,2
拟定,2
拼拼,2
拼接,2
持续性,2
挂饰,1
指南,2
指定,3
指导,67
指引,5
按计划,5
挑战,29
挖掘,54
捕捉,6
损耗,2
授权,6
掌握,10
排期,3
排版,2
排除,2
探索,71
接入,2
接口,4
控与,1
控制,2
控制力,2
控制台,2
控力,2
控和,19
控外,14
控好,4
控并,1
控等,3
控能,2
推动,57
推动力,2
推导,7
推广,15
推进,20
描述,1
提交,50
提优,2
提供,54
提出,9
提升,115
提效,1
提案,19
提炼,27
提资,2
提高,33
提高效率,4
插件,22
插图,5
插画,8
搜一,2
搜索,7
搭建,82
摄及,1
摄影,2
摆件,2
摆放,3
撰写,4
擅于,2
擅长,6
支付,3
支持,3
收集,5
改善,5
改良,2
改进,8
攻克,4
攻关,2
攻坚,28
故事,2
故障,2
效果,243
效率,111
效能,3
敌兵,2
敏感性,2
教学,1
教育,3
数字,5
数字化,2
数据,22
整体,78
整合,68
整理,14
文件,4
文字,1
文案,6
文档,40
新人,17
新鲜感,1
方向,21
方式,11
方案,89
方案设计,8
方法,4
方法论,26
方面,2
旗下,1
无误,7
时段,3
时装,4
时间,4
易用,3
景观,13
智能,4
暖通,2
曲线,6
更佳,5
最优化,6
服务,2
服务公司,2
服装,14
期望,1
机会,2
机制,5
机械,1
机甲,2
材料,1
材质,90
杠杆作用,2
构图,4
构建,24
构思,27
构架,4
枪支,2
枪械,7
架构,24
架构师,2
架构设计,3
查及,5
标准,30
标准化,2
标杆,45
标注,1
栏目,2
树木,2
样式,2
核心,16
框架,29
框架图,2
桌面,6
梯队,1
梳理,82
植被,9
概念,48
概念图,23
概念设计,76
概述,5
模块,57
模型,120
模拟,5
模板,10
模版,10
模贴,2
横向,3
欲望,2
正确性,2
正确理解,3
步态,6
武器,18
比如,1
气氛,16
气象,1
氛围,70
水准,44
水平,2
沉浸,1
沉淀,38
沟通,209
沟通交流,6
注重,3
洞察,48
洞察力,7
活力,2
活动,14
活跃,2
流失,1
流程,333
流程化,2
流程图,2
流行,21
测试,54
浏览器,8
海报,27
海报设计,8
消费,2
消防,2
涉及,6
涵盖,3
深入,14
深入研究,4
深挖,9
渲染,86
渲染器,7
游戏,712
游戏性,15
满足,5
演出,3
演员,2
演技,2
演示,4
演绎,4
演进,1
潜力,2
潮流,3
潮玩,4
激情,1
火线,1
火花,1
灯光,52
灵活运用,1
点击率,1
烘焙,17
热情,2
焦点,2
熟悉,41
熟知,7
爆点,1
版块,1
版本,86
物件,93
物体,8
物品,6
物料,12
物理,4
特征,4
特性,31
特技,2
特殊效果,13
特点,5
特色,5
状态,6
状态机,2
独立,35
王者,27
玩家,11
玩法,58
环境,13
环节,67
现实,2
现状,5
现状及,1
现行,5
理念,8
理想,1
理解,28
理解力,2
理财,1
生产,3
生动,4
生命,2
生命力,8
生态,9
生成,9
生活用品,4
生物,12
用户,193
用户界面,4
用研,4
电商,10
电影,14
电视,2
电视剧,2
画像,1
画师,5
画质,6
画面,42
画面质量,2
画风,4
界面,89
界面设计,23
留存,2
番剧,1
疏通,7
痛点,15
登陆,1
白模,2
白盒,3
皮肤,9
监修,48
监测,2
监督,8
目标,23
目标群体,6
直到,2
直播,18
直至,5
相关,157
相应,7
看一看,2
看待,3
看点,4
眼动,2
知识,21
短片,3
研及,3
研究,48
硬件,1
确保,90
确定,2
确立,2
礼物,2
社交,7
社区,4
离线,1
私域,2
科学合理,2
科幻,2
科技,2
科班,4
积极主动,2
积极性,2
积累,19
移动,19
程序,161
程序化,17
程序员,13
程序设计,2
稿件,1
空间,6
空间布局,2
空间规划,1
穿越,1
立绘,6
竞品,9
竞赛,1
竞速,4
符合,29
等类,2
等能,2
策划,157
策划人员,14
策划案,1
策略,11
简历,4
算法,6
管理,40
管理工作,8
管理系统,1
管线,62
类产品,10
类型,5
粒子,2
粘性,1
精修,13
精准,4
精度,1
精细化,3
精英,2
系统,24
系统化,21
系统性,5
系长,1
素材,62
素材库,1
紧跟,9
纠正,3
级别,9
纹理,2
线下,17
组件,14
组内,9
组合,2
组员,34
组建,3
组织协调,1
细分,2
细则,2
细化,18
细案,2
细粒度,2
细节,19
终端,2
经理,7
经验,44
绑定,45
结合,23
结构,2
结构设计,1
结果,6
绘制,72
绘画,2
给予,7
给出,14
统一,45
统筹,13
维护,34
综合,1
综合型,2
综合性,2
综艺,4
编写,61
编剧,2
编程,1
编辑,26
编辑器,32
缺陷,3
网站,8
网络媒体,4
网络文学,1
网页,2
美学,12
美式,2
美术,391
美术作品,1
美术设计,32
考虑,2
职业,5
职位,2
联动,11
联调,8
聚焦,2
背景图,2
能力,69
能动性,1
能够,48
脑暴,2
脚本,13
脸部,6
自主,2
自洽,1
致力于,1
色彩,2
艺术,7
艺术创作,1
艺术家,4
艺术性,1
艺术类,2
艺术风格,5
节奏,23
节奏感,1
节点,21
节目,6
范例,2
范围,2
草图,4
荷载,2
萃取,1
营收,10
营造,17
营销,33
落地,172
虚幻,4
虚拟,10
融合,4
行业,10
行业动态,9
行为,5
衍生,15
衍生品,21
衔接,30
表情,7
表意,1
表演,19
表现,39
表现力,13
表达,6
表达能力,4
装饰,6
要求,15
要点,4
要素,2
观察力,2
规划,58
规划设计,2
规则,6
规律,5
规格,50
规模化,1
规范,184
规范化,5
规范性,11
视效,14
视觉,248
视觉效果,26
视角,5
视野,5
视频,50
视频产品,1
视频剪辑,3
视频网,1
觉醒,2
角度,6
角色,369
解决,31
解决方案,101
解决问题,7
解算,7
解读,2
触觉,1
触达,6
计划,9
认知,4
讨论,27
讲故事,2
设定,107
设立,7
设置,7
设计,684
设计图,3
设计师,42
设计方案,85
设计标准,27
设计规划,10
设计规范,67
设计说明,2
访谈,2
评估,10
评审,4
识别,5
诉求,14
语文,1
语言,3
语音,4
课件,17
调优,12
调和,2
调度,5
调性,20
调整,9
调研,15
调色,2
调试,20
负责,753
负责人,6
负责管理,11
财富,2
责任心,5
责任感,2
账号,2
质感,7
质量,90
质量标准,31
质量检查,1
贴合,2
贴图,105
贴纸,2
资产,25
资深,3
资源,268
资源库,2
资源整合,6
资源管理,25
资讯,3
赋予,18
赋能,4
赛事,4
赛道,1
走查,7
趋势,9
趣味性,1
足够,7
跟踪,16
跟进,301
跨媒体,1
跨界,5
跨组,5
身份,5
车图,2
转化率,1
转场,2
软件,13
软件技术,2
载具,11
辅助,12
输出,230
达到,3
达成,2
过场,13
过程,2
运动,5
运用,15
运营,94
运行,8
运转,2
返现,1
还原,78
还有,3
进入,1
进行,62
远程,2
迭代,87
追踪,3
送审,1
适合,3
适应,7
适用,8
适配,8
选题,1
通俗,2
通用,1
通识,2
通路,1
造型,21
造诣,2
逻辑,28
遇到,30
道具,88
遵循,6
部位,2
部分,8
部门,5
配件,7
配合,158
配置,6
配色,2
配音,1
配饰,2
重构,5
重点,5
重点项目,3
量产,1
钱包,2
钻研,4
链接,2
链路,7
镜头,14
门槛,3
问卷,2
问题,14
阶段,8
阶段性,7
附带,2
降低,1
限于,24
限制,1
院校,2
障碍,2
集成,3
雕塑,2
零售,8
需求,161
需要,7
需附,2
静态,10
面向,2
面捕,1
面片,1
音乐,16
页面,11
顶层,1
顶级,2
项目,225
项目前期,8
项目管理,4
项目组,25
项目经理,3
顺利进行,2
预期,1
预演,5
预研,11
领先,6
领域,2
领导力,2
颜色,2
风格,279
风格化,7
风格特征,2
饰品,14
驱动,17
驻场,2
驾舱,2
驾驭,9
验收,36
验证,36
骨架,8
骨骼,10
高品质,109
高度,8
高效率,5
高标准,8
高精度,12
高质,8
高质量,31
魔幻,2
魔方,2
